<?xml version="1.0" encoding="UTF-8"?>
<project-private xmlns="http://www.netbeans.org/ns/project-private/1">
    <editor-bookmarks xmlns="http://www.netbeans.org/ns/editor-bookmarks/2" lastBookmarkId="0"/>
    <open-files xmlns="http://www.netbeans.org/ns/projectui-open-files/2">
        <group>
            <file>file:/C:/Users/AustinGnanaraj/Documents/NetBeansProjects/AustinGnanaraj_Noah_Assignment7/src/UserInterface/CustomerRole/CustomerOrderHistoryJPanel.java</file>
            <file>file:/C:/Users/AustinGnanaraj/Documents/NetBeansProjects/AustinGnanaraj_Noah_Assignment7/src/UserInterface/CustomerRole/BrowseProductJPanel.java</file>
            <file>file:/C:/Users/AustinGnanaraj/Documents/NetBeansProjects/AustinGnanaraj_Noah_Assignment7/src/Business/User/UserAccount.java</file>
            <file>file:/C:/Users/AustinGnanaraj/Documents/NetBeansProjects/AustinGnanaraj_Noah_Assignment7/src/Business/Product/ProductDirectory.java</file>
            <file>file:/C:/Users/AustinGnanaraj/Documents/NetBeansProjects/AustinGnanaraj_Noah_Assignment7/src/UserInterface/AdminstrativeRole/AddUserAccountJPanel.java</file>
            <file>file:/C:/Users/AustinGnanaraj/Documents/NetBeansProjects/AustinGnanaraj_Noah_Assignment7/src/UserInterface/MainJFrame.java</file>
            <file>file:/C:/Users/AustinGnanaraj/Documents/NetBeansProjects/AustinGnanaraj_Noah_Assignment7/src/UserInterface/SupplierRole/CreateNewProductJPanel.java</file>
            <file>file:/C:/Users/AustinGnanaraj/Documents/NetBeansProjects/AustinGnanaraj_Noah_Assignment7/src/Business/Person/Person.java</file>
            <file>file:/C:/Users/AustinGnanaraj/Documents/NetBeansProjects/AustinGnanaraj_Noah_Assignment7/src/UserInterface/SupplierRole/SupplierWorkAreaJPanel.java</file>
            <file>file:/C:/Users/AustinGnanaraj/Documents/NetBeansProjects/AustinGnanaraj_Noah_Assignment7/src/Business/Roles/CustomerRole.java</file>
            <file>file:/C:/Users/AustinGnanaraj/Documents/NetBeansProjects/AustinGnanaraj_Noah_Assignment7/src/Business/Roles/Roles.java</file>
            <file>file:/C:/Users/AustinGnanaraj/Documents/NetBeansProjects/AustinGnanaraj_Noah_Assignment7/src/Business/Roles/SupplierRole.java</file>
            <file>file:/C:/Users/AustinGnanaraj/Documents/NetBeansProjects/AustinGnanaraj_Noah_Assignment7/src/Business/Roles/AdminRole.java</file>
            <file>file:/C:/Users/AustinGnanaraj/Documents/NetBeansProjects/AustinGnanaraj_Noah_Assignment7/src/UserInterface/CustomerRole/CustomerWorkAreaJPanel.java</file>
            <file>file:/C:/Users/AustinGnanaraj/Documents/NetBeansProjects/AustinGnanaraj_Noah_Assignment7/src/UserInterface/AdminstrativeRole/ViewCustomer.java</file>
            <file>file:/C:/Users/AustinGnanaraj/Documents/NetBeansProjects/AustinGnanaraj_Noah_Assignment7/src/UserInterface/AdminstrativeRole/ManageUserAccountDirectoryJPanel.java</file>
            <file>file:/C:/Users/AustinGnanaraj/Documents/NetBeansProjects/AustinGnanaraj_Noah_Assignment7/src/UserInterface/AdminstrativeRole/ViewSupplier.java</file>
            <file>file:/C:/Users/AustinGnanaraj/Documents/NetBeansProjects/AustinGnanaraj_Noah_Assignment7/src/Business/Organization/Organization.java</file>
        </group>
    </open-files>
</project-private>
